frame_id,mached_keypoints,detect_time,extract_time
1,157,20.8432,0.546429
2,161,20.9074,0.543631
3,155,21.7449,0.535458
4,161,20.1431,0.569313
5,164,20.8026,0.602558
6,173,20.0946,0.552126
7,175,20.9788,0.562015
8,177,20.593,0.554795
9,179,21.12,0.568486
