frame_id,mached_keypoints,detect_time,extract_time
1,157,23.5449,1.26201
2,161,23.2708,1.00402
3,155,20.7964,0.985063
4,163,19.6377,1.01317
5,164,24.8918,1.01974
6,173,20.7466,1.27525
7,175,20.857,1.09993
8,177,23.187,1.08619
9,179,21.95,1.09618
