frame_id,mached_keypoints,detect_time,extract_time
1,155,20.8083,0.39909
2,157,20.4694,0.407564
3,151,19.9888,0.406737
4,159,20.1227,0.428307
5,162,22.4088,0.416081
6,169,20.8325,0.426908
7,171,19.6633,0.457536
8,173,20.1304,0.449671
9,177,20.3948,0.510079
