frame_id,mached_keypoints,detect_time,extract_time
1,157,21.7164,6.60629
2,161,22.2849,6.65682
3,155,21.4245,6.59226
4,163,20.8128,6.84345
5,164,20.5819,6.76011
6,173,20.4951,7.15676
7,175,19.6201,8.03774
8,177,20.1492,7.80077
9,179,21.5764,9.22706
