frame_id,mached_keypoints,detect_time,extract_time
1,280,21.8391,1.71788
2,282,21.6586,1.73225
3,277,21.3099,1.67534
4,297,21.5398,1.86298
5,279,21.5458,1.69304
6,289,21.2517,1.758
7,270,20.7923,1.65032
8,266,21.1726,1.71115
9,254,21.2217,1.58258
