frame_id,mached_keypoints,detect_time,extract_time
1,276,21.5342,0.641519
2,278,21.6905,0.608268
3,273,21.357,0.606501
4,295,21.2511,0.627346
5,277,21.3725,0.622345
6,287,21.5229,0.629864
7,268,20.6842,0.780859
8,264,21.1316,0.658867
9,252,21.6314,0.599275
