frame_id,mached_keypoints,detect_time,extract_time
1,246,21.6321,0.600175
2,260,21.6091,0.630907
3,239,21.0254,0.544711
4,268,21.3383,0.620807
5,257,21.3486,0.59018
6,258,20.9919,0.582591
7,250,21.4829,0.557695
8,240,21.4089,0.540869
9,236,21.3493,0.520374
