frame_id,mached_keypoints,detect_time,extract_time
1,152,0.426682,1.27358
2,150,0.424979,0.930658
3,155,0.422408,0.963649
4,149,0.421353,1.02333
5,149,0.420282,0.988134
6,156,0.421353,0.98946
7,150,0.41917,0.938725
8,138,0.428906,0.8745
9,143,0.424176,0.90558
