frame_id,mached_keypoints,detect_time,extract_time
1,152,0.430102,26.1297
2,150,0.426037,25.7479
3,155,0.424279,25.8426
4,149,0.424186,25.7239
5,149,0.419424,25.7426
6,156,0.419801,25.8072
7,150,0.418593,25.7464
8,138,0.428402,25.7804
9,143,0.425453,25.6621
