frame_id,mached_keypoints,detect_time,extract_time
1,152,0.42449,0.412441
2,150,0.428184,0.475507
3,155,0.423018,0.400614
4,149,0.420654,0.380826
5,149,0.421698,0.543428
6,156,0.423069,0.383956
7,150,0.417758,0.388526
8,138,0.429311,0.399849
9,143,0.426134,0.383269
