frame_id,mached_keypoints,detect_time,extract_time
1,152,0.435398,6.14893
2,150,0.426688,6.1901
3,155,0.423191,6.13647
4,149,0.421735,6.82467
5,149,0.424538,6.63005
6,156,0.42386,8.59812
7,150,0.423254,6.19891
8,138,0.426691,6.18138
9,143,0.424703,6.84138
