frame_id,mached_keypoints,detect_time,extract_time
1,152,0.427117,19.5413
2,150,0.428371,20.7348
3,155,0.426568,17.4318
4,149,0.422134,22.8983
5,149,0.421567,18.714
6,156,0.424633,20.0512
7,150,0.418324,17.5862
8,138,0.433611,19.0575
9,143,0.426434,22.6564
