frame_id,mached_keypoints,detect_time,extract_time
1,152,0.427593,0.526484
2,150,0.426209,0.549907
3,155,0.421961,0.520114
4,149,0.420581,0.492373
5,149,0.42071,0.516777
6,156,0.422803,0.51114
7,150,0.417366,0.498039
8,138,0.428374,0.509905
9,143,0.425787,0.503258
