frame_id,mached_keypoints,detect_time,extract_time
1,54,5.42169,0.437648
2,53,5.40292,0.431286
3,55,5.63609,0.435716
4,56,5.40694,0.44147
5,58,5.43545,0.564117
6,57,5.81713,0.450789
7,61,5.41319,0.464266
8,59,5.44355,0.45944
9,57,5.54582,0.449083
