frame_id,mached_keypoints,detect_time,extract_time
1,54,5.32807,5.13002
2,53,5.48382,5.85402
3,55,5.41508,5.48221
4,56,5.59428,5.10822
5,58,5.6715,5.28915
6,57,5.39399,5.34525
7,61,6.26581,5.16671
8,59,5.3741,5.21691
9,57,5.45204,5.34108
