frame_id,mached_keypoints,detect_time,extract_time
1,54,5.96644,25.547
2,53,5.45736,25.3037
3,55,5.50667,25.2611
4,56,5.39497,25.2878
5,58,5.47822,25.2426
6,57,5.3487,25.2384
7,61,5.39062,25.3033
8,59,5.35367,25.2311
9,57,5.49527,25.4761
