frame_id,mached_keypoints,detect_time,extract_time
1,54,5.94052,0.169361
2,53,5.8622,0.174535
3,55,5.96125,0.257193
4,56,5.51579,0.238309
5,58,6.14703,0.191498
6,57,5.82145,0.221228
7,61,6.02734,0.239029
8,59,5.90606,0.234343
9,57,5.85457,0.190925
