frame_id,mached_keypoints,detect_time,extract_time
1,54,5.64178,0.410102
2,53,6.13616,0.424996
3,55,5.7473,0.435269
4,56,5.79194,0.438964
5,58,5.76887,0.436932
6,57,5.69748,0.440573
7,61,6.77513,0.443447
8,59,5.5586,0.463821
9,57,5.82889,0.419117
