frame_id,mached_keypoints,detect_time,extract_time
1,54,5.7632,19.3037
2,53,6.47294,18.1734
3,55,5.91966,20.6099
4,56,6.14376,18.8962
5,58,5.35885,18.8613
6,57,5.94445,19.0474
7,61,5.46871,16.3456
8,59,5.53368,19.918
9,57,5.81011,18.9096
