frame_id,mached_keypoints,detect_time,extract_time
1,93,3.68431,0.69948
2,95,3.59319,0.706773
3,103,3.30739,0.752583
4,101,3.41401,0.747355
5,116,3.32353,0.834459
6,120,3.29986,0.875257
7,120,3.32958,0.871074
8,119,3.4371,0.849144
9,120,3.44829,0.858411
