frame_id,mached_keypoints,detect_time,extract_time
1,102,3.45366,0.49163
2,106,3.36821,0.483175
3,113,3.40648,0.506213
4,109,3.36552,0.476365
5,121,3.37333,0.530483
6,130,3.44126,0.497438
7,129,3.49335,0.5558
8,127,3.69683,0.497073
9,128,3.41222,0.498884
