frame_id,mached_keypoints,detect_time,extract_time
1,80,3.60966,0.298789
2,75,3.35077,0.290245
3,83,3.37035,0.296486
4,79,3.66916,0.426324
5,93,3.36928,0.317317
6,92,3.57763,0.480153
7,96,3.52165,0.333479
8,98,3.62933,0.380471
9,90,3.66847,0.328433
