frame_id,mached_keypoints,detect_time,extract_time
1,102,3.3924,53.7568
2,106,3.34544,52.1989
3,113,3.33706,54.1184
4,109,3.45371,56.87
5,125,3.30851,60.302
6,130,3.45281,67.0997
7,129,3.35149,61.5635
8,127,3.40152,59.7414
9,128,3.42906,58.2936
