frame_id,mached_keypoints,detect_time,extract_time
1,53,3.45428,25.6487
2,56,3.4325,25.4596
3,65,3.39631,25.4715
4,55,3.46315,25.3942
5,64,3.39406,25.463
6,66,3.47994,25.7383
7,71,3.35176,25.4175
8,73,3.39172,25.3925
9,71,3.40134,25.3746
