frame_id,mached_keypoints,detect_time,extract_time
1,102,3.40947,16.1265
2,106,3.39262,17.5215
3,113,3.54307,16.9889
4,109,3.38047,16.1625
5,125,3.34783,17.374
6,130,3.40349,17.3748
7,129,3.51137,19.6507
8,127,3.45937,16.3986
9,128,3.43894,17.7588
