frame_id,mached_keypoints,detect_time,extract_time
1,118,8.45721,0.608207
2,123,8.25954,0.633688
3,120,7.98193,0.591445
4,120,8.90415,0.604616
5,113,7.71354,0.575253
6,114,8.18316,0.586143
7,123,8.06602,0.811421
8,111,7.43122,0.574764
9,112,7.97847,0.715362
