frame_id,mached_keypoints,detect_time,extract_time
1,118,7.87675,20.5556
2,123,8.1291,22.8992
3,120,6.44825,18.089
4,120,7.89375,19.0287
5,113,5.76399,19.1601
6,114,5.92128,18.6635
7,123,7.85024,20.707
8,111,8.09364,19.4187
9,112,5.78992,17.7357
