frame_id,mached_keypoints,detect_time,extract_time
1,118,7.89815,1.06337
2,123,8.0909,1.09618
3,120,7.22757,0.807351
4,120,8.16656,1.0932
5,113,7.93935,1.06086
6,114,7.72062,1.05983
7,123,8.80857,1.09095
8,111,7.8614,1.02403
9,112,7.78769,1.03542
