frame_id,mached_keypoints,detect_time,extract_time
1,118,8.62569,0.478973
2,123,8.3247,0.479615
3,120,8.0819,0.559366
4,120,8.11453,0.551881
5,113,8.38442,0.548731
6,114,8.07496,0.554977
7,123,8.12966,0.4735
8,111,8.10125,0.458457
9,112,7.82298,0.533779
