frame_id,mached_keypoints,detect_time,extract_time
1,118,7.7963,25.7345
2,123,5.8613,25.6017
3,120,5.7256,25.6825
4,120,5.78602,25.5015
5,113,5.62535,25.6027
6,114,5.75831,25.4592
7,123,5.66246,25.6539
8,111,5.74683,25.5124
9,112,6.22837,25.4743
