frame_id,mached_keypoints,detect_time,extract_time
1,118,5.72298,6.07541
2,123,5.81402,6.00674
3,120,5.77902,5.16222
4,120,5.83854,5.30344
5,113,5.91921,5.31227
6,114,6.15068,5.36253
7,123,6.24175,5.52763
8,111,5.76468,5.45997
9,112,5.80227,5.44643
