frame_id,mached_keypoints,detect_time,extract_time
1,98,43.8625,0.357066
2,101,43.3962,0.63035
3,96,44.069,0.650273
4,100,44.2032,0.642657
5,88,43.2659,0.377684
6,88,43.703,0.64973
7,97,44.0306,0.667333
8,101,44.137,2.28264
9,100,43.6415,0.649238
