frame_id,mached_keypoints,detect_time,extract_time
1,100,45.3325,1.1216
2,101,46.9761,1.06583
3,98,45.069,1.41607
4,105,44.3766,1.11724
5,94,44.6425,1.16405
6,94,43.5532,1.16841
7,97,45.2053,1.18565
8,103,45.7274,1.26572
9,100,44.075,1.12805
