frame_id,mached_keypoints,detect_time,extract_time
1,132,43.5081,0.517249
2,124,43.4333,0.508906
3,138,44.275,0.588832
4,130,44.0577,0.578377
5,136,44.2078,0.593143
6,133,44.1534,0.579485
7,148,43.6736,0.590241
8,159,44.0217,0.612134
9,137,44.1922,0.513761
