frame_id,mached_keypoints,detect_time,extract_time
1,132,43.4821,7.26277
2,124,42.3528,9.5103
3,138,41.304,9.09914
4,134,42.7515,9.07239
5,140,42.6137,8.94892
6,137,41.9443,7.34816
7,148,43.1373,9.52083
8,159,43.3917,9.75567
9,137,43.2229,14.8468
