,SHITOMASI_BRISK,SHITOMASI_BRIEF,SHITOMASI_ORB,SHITOMASI_FREAK,SHITOMASI_AKAZE,SHITOMASI_SIFT,FAST_BRISK,FAST_BRIEF,FAST_ORB,FAST_FREAK,FAST_AKAZE,FAST_SIFT,SIFT_BRISK,SIFT_BRIEF,SIFT_ORB,SIFT_FREAK,SIFT_AKAZE,SIFT_SIFT,HARRIS_BRISK,HARRIS_BRIEF,HARRIS_ORB,HARRIS_FREAK,HARRIS_AKAZE,HARRIS_SIFT,BRISK_BRISK,BRISK_BRIEF,BRISK_ORB,BRISK_FREAK,BRISK_AKAZE,BRISK_SIFT,ORB_BRISK,ORB_BRIEF,ORB_ORB,ORB_FREAK,ORB_AKAZE,ORB_SIFT,AKAZE_BRISK,AKAZE_BRIEF,AKAZE_ORB,AKAZE_FREAK,AKAZE_AKAZE,AKAZE_SIFT
0,8.981333444444445,8.741793222222222,8.699929888888889,31.601471111111113,26.669379999999997,11.409976666666667,1.4107694444444445,0.8425257777777777,0.9377089999999999,26.22211966666667,20.277806555555557,7.064452,46.17669111111112,44.57954122222223,44.51165866666667,70.16671111111111,61.92048888888889,52.173919999999995,5.96184388888889,6.1058478888888885,6.31770788888889,30.809224444444443,24.720051111111115,10.87914,23.079448888888887,21.930534333333334,21.994471555555553,47.856,41.67051111111111,56.0949,4.225755111111111,3.8797774444444446,3.9497690000000003,28.902773333333332,20.69365888888889,61.60181111111111,23.191528111111108,20.968996999999998,21.36249011111111,46.30113333333333,38.193955555555554,28.260284444444444
